,Champions League,La Liga,Premier League
0,Kevin De Bruyne,San Mam√©s,Everton Liverpool
1,Hakim Ziyech How,Camp Nou,Georginio Wijnaldum
2,Karim Benzema,Diego Carlos,Jamie Vardy
3,Paulo Dybala,Alta Velocidad,Spurs Marcus Rashford
4,Cristiano Ronaldo,En Movistar,Dele Alli
5,Clarence Seedorf,Fidel Chaves,James Maddison
6,Charles Ar√°nguiz,Leo Messi,Patrick Cutrone
7,Jadon Sancho,Borja Garc√≠a,Aston Villa Abraham
8,Dennis Bergkamp,Jimmy Su√°rez,Aston Villa
9,Serge Aurier,Simplemente LEO,Mason Mount
10,Ter Stegen,Wanda Metropolitano,Jonny Evans
11,Daniel Wass,Leandro Cabrera,Leicester GOAL Man Utd
12,Lautaro Mart√≠nez,Bar√ßa XI,Marcus Rashford
13,Romelu Lukaku,Andr√©s Iniesta,Michael Keane
14,Jasper Cillessen,La Resistencia,Man Utd
15,Yoann Gourcuff,Marc Roca,Tammy Abraham
16,Lasse Sch√∂ne,Gaizka Garitano,Divock Origi
17,Serie A Player,Jes√∫s Navas,Aston Villa Leicester
18,Michael Essien,Le Normand,Spurs Southampton
19,David Villa,Fabi√°n Orellana,Shane Long
20,Yachine Trophy,Donato Gama,Ryan Bertrand
21,De Ligt,Aritz Aduriz,Reece James
22,Leo Messi,Javi Lara,Danny Ings
23,Jordi Alba,Roy Makaay,Macus Rashford
24,Nicol√°s Tagliafico,Archil Arveladze,Unchanged XI
25,Joshua Kimmich,Jfurlanich ¬øCu√°nto,Will Sonny
26,Andy Robertson,Barbra Banda Si,Tottenham Hotspur
27,Raheem Sterling,Javi Moreno,Jose Mourinho
28,Lionel Messi,Ter Stegen,Diogo Jota
29,Braut Haaland,Calle Uria,Cheick Tiote
30,Steven Gerrard,Wu Lei,Roberto Firmino
31,Hakim Ziyech,Jfurlanich Archil Arveladze,Philippe Coutinho
32,Robert Lewandowski,Golden Boy,Man City
33,Ryan Giggs,Dely Vald√©s,Robbie Brady
34,Christian Vieri,Sergio Canales,Riyad Mahrez
35,ùóôùóÆùóªùòÅùóÆùòÄùòÜ ùóßùó≤ùóÆùó∫,Y NADA,David Silva
36,Nelson Valdez,Vicente Calder√≥n,Gabriel Jesus
37,Rodrigo Tello,Samu Chukwueze,Jeffrey Schlupp
38,Van Dijk,Mejor Jugador,Will Man City
39,Alejandro G√≥mez,La Rosaleda,Adam Smith Crystal Palace
40,Quincy Promes,I√±aki Williams,Danny Drinkwater
41,Follow LIVE,Kike Garc√≠a,De Bruyne
42,Siya Kolisi,Kike Garc√≠ak,Steve Cook
43,Christian Puli≈°iƒá,Getafe CF,Harry Wilson
44,Either Valencia,For√ßa M√°gico,Aaron_Cresswell Will
45,Chelsea Zenit,Dami√°n Su√°rez,Dean Smith
46,Santiago Ca√±izares,El Sadar,Seamus Coleman
47,Which French,El Alcoraz,Fabian Delph
48,Jo√£o F√©lix,Willian Jos√©,Solly March
49,√Ålvaro Recoba,Santiago Bernab√©u,Jose Izquierdo
50,Papu G√≥mez,Granada CF,Leon Osman
51,Kylian Mbapp√©,Nuevo Los C√°rmenes,Johan Elmander
52,Paris Group,Los C√°rmenes,Happy Birthday
53,R√∫ben Semedo,Adri√°n Gonz√°lez,Christian Benteke
54,El Arabi,D√≠a Internacional,Nottingham Forest
55,Youssef El Arabi,Rodrigo Ely,Match Officials
56,Di Mar√≠a,Xabi Prieto,Bernd_Leno Massive
57,Stadio San Siro,Hombre GOL,Sebastian Larsson
58,√Ångel Di Mar√≠a,Calle Puerta,Dimitar Berbatov
59,Brugge Lokomotiv,Sergi Guardiola,Quique Sanchez Flores
60,Club Brugge,Jos√© Antonio Reyes,Danny Rose
61,Thomas M√ºller,Toko Ekambi,North London
62,Keylor Navas,David Fern√°ndez,Goal Goal Goal Goal Man
63,Jan Oblak,Sergio Fern√°ndez,Dijk Aaron Cresswell Danny Ings Raul
64,Thierry Henry,Caja M√°gica,Kevin De Bruyne
65,Best Brazilian,Aritz L√≥pez Garai,Jack Grealish Who
66,Mauro Icardi,Yoshito ≈åkubo,Kelechi Iheanacho
67,Marco Verratti,Akihiro Ienaga,Victor Lindelof
68,Dani Alves,Santo Domingo,Everton Kelechi Iheanacho
69,Claude Makelele,Joseph Aidoo,Graham Scott
70,Gaizka Mendieta‚Ä¶,Samuel Umtiti,Everton Man Utd
71,Jos√© Mourinho,Gran V√≠a,Tom Heaton
72,Shunsuke Nakamura,Sh≈çji J≈ç,Kasper Schmeichel
73,Philippe Mex√®s,Daniel Wass,Jack Grealish
74,Magic Mario G√∂tze,Alberto Escassi,Old Trafford
75,Du≈°an Tadiƒá,Antonio Puerta,Matt Doherty
76,Georginio Wijnaldum,Palabras Clave,Manchester United
77,Alisson Becker,Sergio Gil,Teemu Pukki
78,Roberto Firmino,Thomas Lemar,Sheff Utd
79,Best Juventus,√Årea Movistar,Lys Mousset
80,Gianluigi Buffon,Takefusa KUBO,John Egan
81,Mario Pa≈°aliƒá,Johan Cruyff,Dean Henderson
82,Julian Brandt,Emerson Royal,Quique S√°nchez Flores
83,Ferland Mendy,Jagoba Arrasate,Ismalia Sarr
84,Lorenzo Insigne,Coliseum Alfonso P√©rez,Matt Le Tissier
85,Peter Schmeichel,Levante UD,Watford Watford
86,Carlos Miguel Coronel,Son Moix,Lewis Dunk
87,Paul Scholes,Dani Rodr√≠guez,Jonathan Moss
88,Iker Casillas,Lagoooooooo Junior,Michail Antonio
89,Kingsley Coman,Jose Mari,Robert Snodgrass
90,Peter Olayinka,Better Call,Aaron Cresswell
91,Roberto Carlos,Gran Canaria,Referee Lee
92,Andr√© Onana,Karim BENZEMA,Van Dijk
93,Divock Origi,Eden Hazard,Jonjo Shelvey
94,Ra√∫l Gonz√°lez,Ni√±o Maravilla,Sergio Aguero
95,P√©ter Gul√°csi,Mikel Rico,David Pemsel
96,Ond≈ôej Kol√°≈ô,Nuestro XI,Brendan Rodgers
97,Benni McCarthy,Tom√°s Pina,Grant Hanley
98,Manchester United,Benito Villamar√≠n,Timm Klose
99,Philipp Lahm,Reale Arena,Alex T‚Ä¶ RT
100,Manchester City,Puro Kroos,Todd Cantwell
101,√Ålvaro Morata,Nadie DEFINI√ì,Luka Milivojevic
102,Sergio Ramos,V√≠velo GRATIS,John Egan Back
103,Douglas Costa,Unai Sim√≥n,Phil Jagielka
104,Cosmin Mo≈£i,Rami Aboukhair,David McGoldrick
105,Wesley Sneijder,Ricardo Oliveira,Unai Emery Full
106,Leeds United,Pedro L√≥pez,Unai Emery RT
107,Rio Ferdinand,La Caja M√°gica,Ryan Giggs
108,Tony Watt,Pedro Emanuel,Adama Traore
109,Acharf Hakimi,Javier Aguirre,Joel Ward
110,Dinamo Zagreb,Villarreal √âlite Camp Miami,Neil Mellor
111,Kyle Walker,Fran Escrib√°,Matt Ritchie
112,Gabriel Jesus,Nuevo Estadio,Will Gabriel Jesus
113,De Bruyne,Jos√© Bordal√°s,Hatem Ben Arfa
114,Bernardo Silva,Roberto Torres,Andr√© Gomes
115,Estadio Santiago Bernab√©u,V√≠ctor Laguardiaaaaaa,Jack Wilshere
116,Aleksei Miranchuk Follow,Define FELICIDAD,Group C
117,Aaron Ramsey,Madrid GOL,Graham Potter
118,Sergio Ag√ºero,El Santo,Junior Stanislas
119,Arturo Vidal,Rodrigo Moreno,El Ghazi
120,Marcel Sabitzer,Valencia CF,Dwight Gayle
121,Geoffrey Kondogbia,Atleti Los,Conor Hourihane
122,Ferr√°n Torres,Aplaude San Mam√©s,Tim Sherwood
123,Hakimi Dortmund,Carlos Tartiere,Tanguy Ndombele
124,Brandt Dortmund,Estadio Benito Villamar√≠n,Villa Park
125,Julian Nagelsmann,San Sebasti√°n,Wayne Rooney
126,Alexander Zverev,El Athletic,Todd Cantwell Alexandre Lacazette Nick Pope Kevin De
127,San Paolo,Willian J.,Oliver McBurnie
128,Slavia Praha Zenit,Oliver Atom,Dan James
129,Slavia Praha,Jan Oblak,Mason Greenwood
130,Camp Nou,La Romareda,Brandon Williams
131,Zenit OR,Llu√≠s Mart√≠,Daniel James
132,Kasper Schmeichel,Girona FC,John Fleck
133,Genk Valencia,Dar√≠o Silva,Lionel Messi
134,Happy Birthday,Ruben Garc√≠a,Bramall Lane
135,Ryan Babel,M√°ximo GOLEADOR,John Lundstram
136,Group H,ùóöùóøùóÆùóªùóÆùó±ùóÆ ùóñùóô,Manager Chris Wilder
137,Mark Hateley,Pablo Mach√≠n,Sir Alex Ferguson
138,Perfect Samuel Eto,Santi Mina,Jo√£o Moutinho
139,Biggest Moroccan,Rub√©n Castro,Martin Atkinson
140,Achraf Hakimi,Peque√±o Gran Mago,Raheem Sterling
141,Paul Pogba,Jos√© Zorrilla,Will Chelsea
142,Lu√≠s Figo,Ra√∫l Garc√≠a,Kurt Zouma
143,Group F,Toni Duggan,Mateo Kovacic
144,Group E,El Estadio,Pep Guardiola
145,Matthijs de Ligt,La Cer√°mica,Chris Wood
146,Memphis Depay,Roman Zozulya,Ashley Barnes
147,Moussa Demb√©l√©,Claudio L√≥pez,Norwich Todd Cantwell
148,Aston Villa,Nuevo VIDEOJUEGO,Dennis Srbeny
149,Liverpool Klopp,Cuatro GOLAZOS,Liverpool Liverpool
150,Group C,Qu√© LOCURA,James Tarkowski
151,Mauro Bressan,Andoni Zubizarreta,Ben Foster
152,Mesut √ñzil,Descarga YA,Jose Holebas
153,Which Liverpool,Desde Louis Van Gaal,Sterli‚Ä¶ RT
154,Mohamed Salah,Juan Carlos Unzu√©,Mat Ryan
155,Mikhail Kerzhakov,Carlos Moreno,Ryan Fraser
156,Alessandro Del,Lago Junior,Jordan Pickford
157,Nico Tagliafreako,Redibuja La Liga,Sadio Mane
158,Kalidou Ghoulibaly,Mauricio Pellegrino,Follow LIVE
159,Harry Kane,Nadya Karpova,Southampton AFC Bournemouth
160,Jan Bo≈ôil,Diego Milito,Kevin Friend
161,Happy Halloween,Borja S√°nchez,Jordan Ayew
162,Samir Handanoviƒç,Karl Toko Ekambi,James Tomkins
163,Renan Lodi,Javi Garc√≠a,Simon Francis
164,Andriy Pyatov,Lucas P√©rez,Angelo Ogbonna
165,Arjen Robben,Fernando Torres,Michael Oliver
166,Jonathan Ikon√©,Manu Garc√≠a,Declan Rice
167,Alex Oxlade-Chamberlain,Takefusa Kubo,Lewis Cook
168,Alex Meret,Domingos Duarte,Callum Wilson
169,Andr√©s Iniesta,Oro Leo Messi,Captain Sigurdsson
170,David Neres,Iv√°n S√°nchez,Harry Kane
171,Luis Muriel,Hristo Stoichkov,Thierry Henry
172,Santiago Bernab√©u,Dos JOYAS,Teddy Sheringham
173,Gabriel Batistuta,Toni Prats,Serge Aurier
174,Classic City,Mazda CX3,Lucas Moura
175,Luiz Adriano,Viola Calligaris,Spurs Mourinho
176,Claudio L√≥pez,Dani Raba,Spurs XI
177,Rafa Silva,Mauricio Lemos,Lo Celso
178,Laimer Leipzig,Kirian Rodr√≠guez,Chelsea No
179,Chelsea Leipzig,Ansu Fati,Di Canio
180,Johan Cruijff,Javi Rozada,Steve Harper
181,Zenit ‚ÑπÔ∏è,Arouna Kon√©,Southampton Get
182,Lokomotiv Moskva,Danilo Ortiz,Christian Pulisic
183,Ruslan Malinovskyi,Joan Jord√°n,Callum H‚Ä¶ RT
184,Aleksei Miranchuk,Willy Ledesma,Josip D‚Ä¶ RT
185,Andrea Pirlo,√Ålex D√≠ez,Fredericks Watch
186,Zlatan Ibrahimoviƒá,Movistar Gran,Joshua King
187,Dani Olmo,Jon P√©rez Bolo,Ryan Caister
188,Atl√©tico OR,Gerard Moreno,Manuel Pellegrini
189,Diego Costa,Ante Budimir,Sean Dyche
190,Emmanuel Ebou√©,Luis C√©sar,Matej Vydra
191,Robert Jarni,Juan Antonio Anquela,Johann Berg Gudmundsson
192,Super Eagles,David Gallego,Hugo Lloris
193,Johnny Leoni,Atleti Tus,Aaron Connolly
194,Andriy Shevchenko,Extremadura UD,Adam Webster
195,Tony Adams,Muchas Gracias,Moussa Djenepo
196,Nemanja Vidiƒá,Will Messi,Andros Townsend
197,Adam Lallana,√ìliver Torres,Jamie O'Hara
198,Antoine Griezmann,Club Men,Hull City
199,Luis Su√°rez,Jos√© Zorilla,Joao Sacramento
200,Edgar Davids,Javi Gonz√°lez,Carlos Lalin
201,Yuri Zhirkov,Estadio Fernando Torres,Nuno Santos
202,Obafemi Martins,Salva Sevilla,Ricardo Formosinho
203,Yannick Carrasco,Joan Sastre,Shaun Wright-Phillips
204,Didier Drogba,El Toral√≠n,Jake Simpson
205,Mehmet Scholl,Mart√≠nez Valero,David Moyes
206,Antonio Conte,Valverde Valverde Valverde Valverde Valverde Valverde Valverde Valverde Valverde Valverde Valverde,Charlie Taylor
207,Artem Dzyuba,Aitor Ocio,Alan Shearer
208,Gr√©gory Coupet,M√°laga CF,Chelsea Academy
209,Serge Gnabry,Curro S√°nchez,Jamal Lewis
210,Simon Mignolet,Luis Su√°rez,Golden Glove
211,Diego Simeone,Dani Escriche,Joao Moutinho
212,Niklas S√ºle,Frank RIJKAARD,John McGinn
213,J√ºrgen Klopp,Anxo Carro,Wilfred Ndidi
214,Fernando Muslera,Yacine Qasmi,Golden Boot
215,Emmanuel Bonaventure,Antonio Puertas,Vincent Kompany
216,Van Nistelrooy,El Submarino,Paul Scholes
217,Zvonimir Boban,App Oficial,League Playmaker
218,Gonzalo Higua√≠n,Pedro Le√≥n,Eddie Howe
219,Serie A,Aupa Eibar,Youri Tielemans
220,Tammy Abraham,Bernab√©u TE QUIERE,Martin O
221,Marco Reus,Jo√£o FELIZ,Ben Chilwell
222,Tom√°≈° Rosick√Ω,Rodrygo Goes,Jamaal Lascelles
223,Marko Marin,Rodrygo GoLEs,Scott McTominay
224,Percy Tau,Rub√©n Blanco,Ian Holloway
225,Champions League,Carol F√©rez,Wilfried Zaha
226,Claudio Marchisio,Edu Campadabal,Willy Boly
227,Claudio Pizarro,T√∫ Por M√≠,Best Matchweek
228,Petr ƒåech,Hola Leo,Chris Wilder
229,Frank Lampard,Barbra Banda,Brighton How
230,Napoli Slavia Praha,Emidio Tucci,Kevin Nolan
231,Dortmund Follow,Sevilla FC,Arjen Robben
232,Fabi√°n Ruiz,Ram√≥n Folch,Watford How
233,Sergi Robertooooooooooo,Asier Garitano,Ciaran Clark Son
234,Jan Vertonghen,Hugo Mallo,Gerard Deulofeu Nick
235,Milo≈° Vuliƒá,Denis Su√°rez,Bernardo Silva
236,Sami Yen Spor Kompleksi,Iago Aspas,Aston Villa Wolves
237,David Silva,Santi M‚Ä¶ RT,Raul Jimenez
238,Shakhtar Donetsk,Tucu Hern√°ndez,Pascal Gross
239,J√∫nior Moraes,Fiesta GOLEADORA,Ruben Neves
240,Club Brugge Atalanta,¬°son DEFINICIONES,Match Centre
241,Shakhtar Donetsk Follow,Una LEYENDA,Andreas Pereira
242,San Siro,Santander Football Quiz,Uncut Liverpool
243,George Weah,Estadio Jos√© Zorrilla,Ciaran Clark
244,Eden Hazard,Imanol Alguacil,Dwight McNeil
245,Milos Krasic,Sergio Egea,Nicolas Pepe
246,Frank Rijkaard,Brais M√©ndez,Rob Holding
247,Johan Cruyff,√Ålex Fern√°ndez,George Baldock
248,Lucas Moura,De Jong,Son Heung-min
249,Goal OR,Visitar Son Moix,Everton Richarlison
250,Juan Cuadrado,Alejandro Sanz,Enda Stevens
251,Thiago Alc√°ntara,San Mam√©s Ese,Ashley Westwood
252,Peter Crouch,Pablo Larrea,Roberto Jimenez
253,Hakan √únsal,Albert Celades,Sofiane Boufal
254,Ricardo Quaresma,Roland Garros,Everton Spurs
255,Kevin Kampl,Islas Feroe,Vicente Guaita
256,Mateja Ke≈æman,Estadi Johan,Steve Bruce
257,Kangin Lee,Txuri Urdin,Dan Gosling
258,Dominik Livakoviƒá,Usain Bolt,Roy Hodgson
259,Marek Citko,Loco Contigo,Stamford Bridge
260,Wembley Stadium,Blanca Fern√°ndez Ochoa,Josip Drmic Norwich
261,Sardar Azmoun,Dani Garc√≠a,Andre Gray
262,Sadio Man√©,Kevin Rodrigues,Gerard Deulofeu
263,Fernando Llorente,Christian Rivera,Joe Cole
264,Marcelo Brozoviƒá,Robert Kenedy,Toni Rudiger
265,First Bayern,Thierry R. Correia,Matty Longstaff
266,Carlos Vela,Deportivo Alav√©s,Everton Speedy
267,Mislav Or≈°iƒá,Nacho Monreal,Frank Lampard
268,Juan Cuadrado Agree,Jason Remeseiro,Fernando Torres
269,Dimitar Berbatov,Line Up,Ibrahim Amadou
270,Henrik Larsson,Ansu Fati Solo Olinga,Santi Cazorla
271,Will Atleti,Luis Enrique Mart√≠nez,Andre Gomes
272,Fantasy Football,Gabriel Pires,Aston Villa Who
273,Wojciech Szczƒôsny,David Beckham,Mark Viduka
274,M√°rio Jardel,Diego Costa,Akin Famewo
275,Edson Alvarez,David Timor,Norwich City
276,Braut H√•land,Steve McManaman,Muzzy Izzet
277,Stelios Giannakopoulos,Juan Rom√°n Riquelme,Kevin De Bruyne Lucas Digne Joshua
278,Youngest Barcelona,Joan Jordan,Cenk Tosun
279,Milan ≈†kriniar,Toni Villa,Wishing Andre
280,Ivan Peri≈°iƒá,Jia Lei,Andre Gomes Everton
281,Dirono Sorry,Liu Jiayuan,√áaglar S√∂y√ºnc√º
282,Philippe Coutinho,Carles P√©rez,Leicester City
283,Sa√∫l √ë√≠guez,,Caglar Soyuncu
284,Leon Bailey,,Everton That
285,Stefano Sensi,,Kevin Phillips
286,Diego God√≠n,,Edin Dzeko
287,Valentino Lazaro,,Pascal Gro√ü
288,Dejan Stankoviƒá,,Glenn Murray
289,Ronaldo Best,,Anthony Taylor
290,Leipzig Group,,Chelsea Tammy Abraham
291,Dmitri Barinov,,Liverpool Incredible
292,Group D,,Norwich Substitutes Shane Duffy
293,Del Piero,,Leandro Trossard
294,Vin√≠cius J√∫nior,,Southampton Second
295,Group B,,Kyle Walker
296,Does Ajax,,Burnley John Lundstram
297,Group A,,Andy Robertson
298,Ansu Fati,,Shane Duffy
299,La Masia,,Fabi√°n Balbuena
300,Lucas Hern√°ndez,,Liverpool Brighton
301,J√∫lio C√©sar,,Norwich Man City
302,El Tigre,,West Ham
303,Mario Lemina,,Federico Fernandez
304,Yevhen Konoplyanka,,Stuart Armstrong
305,Shakhtar Keylor Navas,,Josh King
306,Paris Patrik Schick,,Anthony Martial
307,Alphonse Areola,,Emirates Stadium
308,Florin Andone,,Against Man City
309,Javi Mart√≠nez,,Mario Vrancic
310,Gareth Bale,,Smith Who
311,Sancho RT,,Andy Carroll
312,Eric Maxim,,Phil Bardsl‚Ä¶ RT
313,Alexis S√°nchez,,Happy Halloween
314,Iv√°n Zamorano,,Oxford United
315,Michael Ballack,,Colchester United‚Ä¶
316,Will Juve,,Gaston Ramirez
317,De Jong,,Will Marcus Rashford
318,Group G,,Carabao Cup
319,Dijk Who,,Felipe Anderson
320,Champions Leaaaaaaague,,Chelsea How
321,Edson √Ålvarez,,Steve McManaman
322,Carsten Jancker,,Kieran Tierney
323,Milan Borjan,,Tim Krul
324,Young Boys,,Paulo Gazzaniga
325,David Akintola,,Kevin De Bruyne Neal Maupay Diego Rico Adama Traore
326,How Crvena,,J√ºrgen Klopp
327,Europe Guys,,David de Gea
328,Daniel Podence,,Super Salah
329,Luka Modriƒá,,James McArthur
330,Mathieu Valbuena,,Spurs Norwich
331,Eric Cantona,,Stuart Attwell
332,Giorgio Chiellini,,Bernd Leno
333,Callum Hudson-Odoi,,David Luiz
334,Samuel Eto,,Ruben Neves Newcastle
335,Fernando Torres,,Martin Dubravka
336,Ianis Hagi,,Pedro Neto
337,Xavi Hern√°ndez,,Chelsea Advantage Chelsea
338,Andres Iniesta,,Turf Moor
339,Vincent Kompany,,Everton Brighton
340,Guillaume Hoarau,,Lucas Digne
341,Mateo Garc√≠a,,Andy Madley
342,Miguel √Ångel Guerrero,,Everton Watford
343,Milo≈° Degenek,,Adam Webster OG
344,Martins Pereira,,Keinan Davis Man City
345,Marcus Berg,,Ilkay Gundogan
346,How Dinamo Zagreb,,Aston Villa An
347,Franck Rib√©ry,,Andre Marriner
348,Davy Klaassen,,Martin Kelly
349,Lucas Souza,,Wolves SB
350,Emanuel Pogatetz,,Fabian Sch√§r
351,How CFR Cluj,,Jack Cork
352,Merih Demiral,,Martin D√∫bravka
353,Xabi Alonso,,Nwankwo Kanu
354,Benjamin Pavard,,Could Luka Milivojeviƒá
355,Luis Garc√≠a,,Arsene Wenger
356,Pedro Rodr√≠guez,,Ars√®ne Wenger
357,Olivier Giroud,,Mason Holgate
358,Juninho Pernambucano,,Sheffield Utd
359,Marco Materazzi,,Jack O'Connell
360,Ashley Cole,,Adrian Clarke Unai
361,Tiago Mendes,,Matteo Guendouzi
362,Bayern Munich,,Adrian Clarke
363,Filippo Inzaghi,,Golden Boots
364,Kepa Arrizabalaga,,Lucas Torreira
365,First Liverpool,,Jurgen Klopp
366,Be≈üikta≈ü Park,,Andrew Robertson
367,Adidas Super,,Dele Alli Bernard Rashford Rico Alonso
368,Djibril Ciss√©,,Ole Gunnar Solskj√¶r
369,Edinson Cavani,,Adam Lallana
370,Victor Osimhen,,Liverpool Marcus Rashford
371,Roy Keane,,Henderson Out
372,Yusuf Yazƒ±cƒ±,,Milner Jurgen Klopp
373,Joe Cole,,David Beckham
374,Stamford Bridge,,Manchester City
375,J√∫nior Firpo,,Marcos Alonso
376,Borussia Dortmund,,Gylfi Sigurdsson
377,Christian Luyindama,,Will Crystal Palace
378,Jean Micha√´l Seri,,Wayne Hennessey
379,Emre Mor,,Matt Targett
380,Nicolas Anelka,,Southampton Raul Jimenez
381,Bastian Schweinsteiger,,Burnley Jamie Vardy
382,H√©ctor Herrera,,Norwich Plenty
383,De Rossi,,Norwich Chelsea
384,M√ºller Who,,Aaron Mooy
385,Fabio Cannavaro,,Vichai Srivaddhanaprabha
386,Daniele De Rossi,,Jay Rodriguez
387,First Inter,,Adam Smith
388,Giovane √âlber,,Will Everton
389,ùóñùóµùóÆùó∫ùóΩùó∂ùóºùóªùòÄ ùó£ùóÆùòÅùóµ,,Joel Matip
390,Kieran Trippier,,Sanjay Bhandari
391,Paolo Maldini,,Everton Great
392,Nabil Fekir,,Harry Maguire
393,Jaap Stam,,Live Q
394,Nicol√≤ Barella,,Steven Alzate
395,Sergio Busquets,,Tony Yeboah
396,Mats Hummels,,Will Hodgson
397,James Rodr√≠guez,,Tony Yeboah Best
398,Antonio Cassano,,Andrew Cole
399,Which Real Madrid,,Gabby Agbonlahor
400,Luka Joviƒá,,Scott Parker
401,Ludovic Giuly,,Matt Holland
402,Aleksei Sutormin,,Uncut RT
403,Adrien Rabiot,,Shola Ameobi
404,Lars Ricken,,Everton 'keeper
405,Zin√©dine Zidane,,Marine AFC
406,Gianluca Vialli,,Everton Happy
407,Goodbye Mr. Wembley,,Dan Burn
408,Pavel Nedvƒõd,,Michailantonio High
409,Rui Costa,,Nick Tanner
410,Tanguy Ndombele,,Bodymoor Heath
411,Pablo Sarabia,,Michailantonio Looking
412,Napoli Amadou Diawara Napoli,,Jermain Defoe
413,Felipe Melo,,Unai Emery
414,Ars√®ne Wenger,,Tammy Abraham Dean Henderson
415,Classic Messi,,Adam Armstrong
416,Juan Rom√°n Riquelme,,Michy Batshuayi
417,Stadio Olimpico,,Christian P‚Ä¶
418,Nico Schulz,,Will Pep
419,David Beckham,,Callum Hudson-Odoi
420,Phil Thompson,,Lloyd Kelly
421,Maurizio Sarri,,D Silva
422,Kostas Manolas,,Will Solskjaer
423,Live Youth,,Conor Coady
424,Nicolas P√©p√©,,Robbie Keane
425,Florentino P√©rez,,Teenager Connolly
426,Fabio Quagliarella,,James Milner
427,Duv√°n Zapata,,Everton Jeff Hendrick
428,Carlo Ancelotti,,Josip Drmic
429,Break New Ground,,Douglas Luiz
430,Liverpool Football Club,,Ayoze Perez
431,Mario Mand≈æukiƒá,,Jeff Hendrick
432,Virgil Van Dijk,,Aston Villa Watford
433,Jordan Henderson,,Billy Sharp
434,Man√© Man√©,,Neal Maupay
435,Liverpool SUB,,Christian Eriksen
436,Salah Who,,Robert Pires
437,Will Tottenham,,Ralph Hasenh√ºttl
438,Penalty Liverpool,,Sam Byram
439,Allez Allez,,Florian Lejeune
440,Will Firmino,,Lukasz Fabianski
441,Tottenham Hotspur,,Winston Reid
442,Steffen Freund,,Alireza Jahanbakhsh
443,Jos√© Antonio Reyes,,Davy Propper
444,Dele Alli,,Paul Dummett
445,Jerzy Dudek,,Tammy Tammy
446,Hugo Lloris,,Bukayo Saka
447,Joe Harris,,Dwight Yorke
448,Tottenham XI,,Emile Heskey
449,Diego Milito,,Mo Salah
450,Mauricio Pochettino,,Luka Milivojevic Matt Doherty
451,Which European,,Cristiano Ronaldo
452,Sagnol Eriksen,,Marc Albrighton
453,Sir Alex Ferguson,,Dennis Praet
454,Carlos Alberto,,Ricardo Pereira
455,Andy Cole,,Southampton Harry Kane
456,Patrick Kluivert,,Burnley Jay Rodriguez
457,Hugo Almeida,,Steven Gerrard
458,Thorgan Hazard,,Paolo Di Canio
459,Which Tottenham,,Gianfranco Zola
460,ùíûùìáùíæùìàùìâùíæùí∂ùìÉùëú ùëÖùëúùìÉùí∂ùìÅùíπùëú,,Will Manchester City
461,Ricardo Carvalho,,Alex Iwobi
462,Bayer Leverkusen,,Daryl Janmaat
463,Juliano Belletti,,Norwich Luka Milivojevic
464,League Golden Glove,,Southampton Tanguy Ndombele
465,Gaizka Mendieta,,Chelsea Adam Webster
466,Kasper Dolberg,,Lee Mason
467,Lassina Traor√©,,Michael McGovern
468,,,Arnaut Danjuma
469,,,Marco Silva
470,,,Daniel Farke
471,,,Antonio Rudiger
472,,,Sean Longstaff
473,,,John Terry
474,,,Petr Cech
475,,,Demba Ba
476,,,Vintage Demba Ba
477,,,James Ward-Prowse
478,,,Enjoy Bobby
479,,,Goodison Park
480,,,Lee Probert
481,,,Yerry Mina
482,,,Cesc Fabregas
483,,,Liverpool Trent
484,,,Anwar El Ghazi
485,,,Aston Villa Chelsea
486,,,Andriy Yarmolenko
487,,,Romain Saiss
488,,,Selhurst Park
489,,,Norwich Chris Wood
490,,,Tom Cleverley
491,,,Moise Kean
492,,,Paul Tierney
493,,,Mauricio Pochettino
494,,,Romelu Lukaku
495,,,Will Saints
496,,,Nathan Ake
497,,,Chris Kavanagh
498,,,Dom Solanke
499,,,Diego Rico
500,,,Jefferson Lerma
501,,,Laporte PEP
502,,,Man City West Ham
503,,,Spurs Man
504,,,Ricardo Horta
505,,,Group L
506,,,Bobby Robson
507,,,Adrian Clarke How Leicester
508,,,Sir Bobby Robson
509,,,Emiliano Buendia
510,,,John Heitinga
511,,,Peter Schmeichel
512,,,Eden Hazard
513,,,Arthur Masuaku
514,,,Ahmed El
515,,,Tyrone Mings
516,,,Jordan Henderson
517,,,Fikayo Tomori
518,,,Manuel Lanzini
519,,,Tammy Abrahams
520,,,Moussa Djenepo Neal Maupay Teemu Pukki Son
521,,,Sanchez Flores
522,,,Everton Callum Wilson
523,,,Everton Dominic
524,,,Jack Stacey
525,,,Emiliano Buend√≠a
526,,,Kenny McLean
527,,,Carrow Road
528,,,Fiyako Tomori
529,,,Southampton Southampton
530,,,Burnley Jeff Hendrick
531,,,Stuart Armstrong Sheff Utd
532,,,Berna‚Ä¶ RT
533,,,Roman Saiss
534,,,Oliver Norwood
