2019-12-24 15:45:42,"@FactSoup If you want to burn thee most calories drinking tea, this is the tea for 
https://t.co/5mRMUB4scN"
2019-12-24 13:00:27,lose 5lbs in 5days ask me how TLC-TOTAL LIFE CHANGES https://t.co/FbFhL1j7TS
2019-12-24 12:23:07,"My 600 lb Life - PIANO TUTORIAL

Full video: https://t.co/tvf2BlaRZ6

Subscribe:  https://t.co/tAGvr8sc7J

#tlc #my600lblife #dayfiance #days #rileypaige #hazelgrace #love #itsabuzzworld #rileypaigebusby #avalane #oliviamarie #parkerkate #totallifechanges #busbyquints https://t.co/Qww6Im0kSh"
2019-12-24 09:10:57,"Nothing in the WORLD transformed every aspect of my life but DETOXING DAILY.  Are you ready yet?
Click the link in the bio!

https://t.co/26NB5ZWCqO

#california #accraghana #ghana #lagos #healthy #tlcpaysâ€¦ https://t.co/wwspdeqWPq"
2019-12-24 07:55:43,"RT @Dabusinessman: Got my CBD Tea and my Latin style Coffee.... order yours here ~~~&gt; https://t.co/c5RmfBskcV 

#BillionaireDrummer #CBD #Dâ€¦"
2019-12-24 07:55:10,"Got my CBD Tea and my Latin style Coffee.... order yours here ~~~&gt; https://t.co/c5RmfBskcV 

#BillionaireDrummer #CBD #DetoxTea #CBDTea #TLC https://t.co/W2ebrsM885"
2019-12-24 06:11:42,"One of the best Christmas presents ever is the gift of Health!  I wish that you all felt as good as I do now!  Weight down, energy up, yep this feels wonderful! ğŸ¤©

To fill your stocking with these incredible products inbox me or  visit https://t.co/fOdXz2GRYV 

#TeamPrettyEpic https://t.co/E35OnufZ3l"
2019-12-24 05:34:32,"Yâ€™all see the results absolutely amazing. Letâ€™s go into 2020 healthy and living life to the fullest. Ask me how or check out my link! 
https://t.co/l29khAdjU4
#healthychoices #detox #explorepage #wellness #weightlossjourney #weightlosstransformation #weightlosstips #tea #fitness https://t.co/utVwXgQWbZ"
2019-12-24 02:26:04,"ğŸ‘‡ğŸ»ğŸ‘‡ğŸ»ğŸ‘‡ğŸ»ğŸ‘‡ğŸ»ğŸ‘‡ğŸ»ğŸ‘‡ğŸ»
ğŸ˜Customer ChallengeğŸ˜

Purchase your rapid drop kit at https://t.co/T230rLb0m9 ğŸ‘‰Referral code: 2765111
by Dec 27th to qualify to win up to $5000

1st Prize $5000

2nd Prizeâ€¦ https://t.co/vD9aj63m5q"
2019-12-24 00:43:12,"If you are trying to lose weight, cleanse you body, get more energy, clear up your skin, get on the healthy side of things, check out my link now. Need 5 people to grab an item for my store....

https://t.co/c5RmfBskcV"
2019-12-23 22:30:36,Donâ€™t let the new year get hear without you getting your ISO Tea now with Hemp extract. Order here: https://t.co/GKw6ELfHex
2019-12-23 21:39:57,"Join the team NOW!
https://t.co/b0NgAkwJCj
Just click enroll https://t.co/JsvQHkedeB"
2019-12-23 16:47:21,"@__Influential44 please retweet this link!!! ğŸ‘‡ğŸ» 
https://t.co/TEHE0FQAAk"
2019-12-23 16:36:58,"RT @Cati_Saint: I have TLC supplies on hand ğŸ–ğŸ¾ Contact me or you can visit my website 
https://t.co/3smY5KiG7r https://t.co/ahJ6AoyEjU"
2019-12-23 16:02:45,"I have TLC supplies on hand ğŸ–ğŸ¾ Contact me or you can visit my website 
https://t.co/3smY5KiG7r https://t.co/ahJ6AoyEjU"
2019-12-23 13:38:05,#1 liquid vitamin that Speaks for itself order now!!! https://t.co/luBqZEnsX0 #CBD #TLC #cbd_____ #cbdbenefits #vitamin https://t.co/Fzl4yzH7Z1
2019-12-23 13:00:59,lose 5lbs in 5days ask me how TLC-TOTAL LIFE CHANGES https://t.co/FbFhL1j7TS
2019-12-23 07:51:11,"Itâ€™s CBD Time !!!!! Check our our CBD products, starting with our detox tea leading the way.... #cbdtea #iasotea #detoxtea #BillionaireDrummer 

https://t.co/c5RmfBskcV"
2019-12-23 05:07:03,"RT @TLCHQ: Looking for a way to have a healthy New Year? Read this article and purchase one of our Rapid Drop Challenge Kits today. ğŸ’ª ğŸ’š 
Clâ€¦"
2019-12-23 02:50:18,"NRG ASK ME ABOUT IT ALL NATURAL 
#totallifechanges #mrmarc5 #life #health #body #focused #tlc #iasotea #delgada #nutraburst #healthylifestyle #cbd #allen5 #cbdtea #alleviate
totallifechangesAllen5 #cbdtearesultsâ€¦ https://t.co/HkKKpMg9zV"
2019-12-23 00:49:00,"@MeekMill - Total Life Changes, LLC
https://t.co/5mRMUB4scN"
2019-12-23 00:21:49,#iMeanLhyk wknd deliveries âœ” #TotalLifeChanger #TotalLifeChanges #TLCHQ #IasoTea #CBD #CBDTea #NRG #NutraBURST #5lbsIn5Days https://t.co/lq1OHOZfC2
2019-12-22 22:13:52,"New Years is around the corner and I know many of you will have weightloss goals, so why wait? Get your kit now and be entered in for a chance to win up to 10k. Go to my link https://t.co/LV9otwMWnt to get yours today https://t.co/oXLlimXp6L"
2019-12-22 20:27:58,"Iâ€™ve been placing my harmony drops on my face, and itâ€™s fading away! Link in bio! #cbdoil #cbd #cbdindustry #totallifechanges #clearskin #darkspots #acne https://t.co/ZH2pSNNL1l"
2019-12-22 19:08:38,"ğŸ’¥ğŸ’¥ DAY 11 DEAL...12 DAYS OF CHRISTMAS!!! FLASH SALEğŸ’¥ğŸ’¥

Happening NOW!!! 
Buy Instant Tea Get Instant Tea Free!! 

PLUS enter a raffle for $1000
Order Hereâ¬‡ï¸ 
https://t.co/kaXpQZs2Xb"
2019-12-22 18:07:34,"BYE fat, HELLO packs. CBD tea + nutraburst did THAT. ğŸ˜ 

â¬‡ï¸Click link to orderâ¬‡ï¸ DM if you have ANY questions. 

https://t.co/X4QReFHjnS https://t.co/T4HWxkIDB7"
2019-12-22 18:05:27,"Bye fat hello packs ğŸ˜ğŸ’ªğŸ¾ #CBD #CBDTea #CBDDetox 

â¬‡ï¸ Click link to order, gain your confidence back. â¬‡ï¸ğŸ¥°

https://t.co/X4QReFHjnS https://t.co/C5EvHef0nv"
2019-12-22 17:17:20,"The world would be a better place if more people stepped outside of their comfort zone.
Just think about it ğŸ¤”ğŸ’­â¤ï¸ğŸ’°âœˆï¸ğŸ”‘ğŸŒ #totallifechanges https://t.co/Sk7vLPWgVs"
2019-12-22 16:13:35,https://t.co/6mLLZ677dD my website https://t.co/aI7WqTYROY
2019-12-22 16:07:53,"Congrat to the winner of the 30 day CBD challenge!!! ğŸ’°ğŸ’°ğŸ’°ğŸ’°Who is in for January's Rapid drop challenge starting January 1st?
â™¦ï¸1st place will win $5000
â™¦ï¸2nd place will win $2000
â™¦ï¸3rd, 4th, 5th place will win $1000
 Click website to order: https://t.co/YukNCACosL https://t.co/iLmzvGZ1j6"
2019-12-22 13:56:50,"When You Have A Team That Have Fun While Making Life Changes
This stuff right here  another level 
#totallifechanges #mrmarc5 #life #health #body #focused #tlc #iasotea #delgada #nutraburst #healthylifestyle #cbdâ€¦ https://t.co/oqxSQpxY0U"
2019-12-22 13:00:37,lose 5lbs in 5days ask me how TLC-TOTAL LIFE CHANGES https://t.co/FbFhL1j7TS
2019-12-22 11:43:00,"@Scelo98326468 No, you can order online: https://t.co/QauBBQLVTT"
2019-12-22 11:16:35,Order your kits now and save https://t.co/6Ne2OVNcgH https://t.co/zewZ23lVu4
2019-12-22 05:50:51,"Watch to obtain the steps you need to be successful in 2020!! #originalmusic ğŸ˜‚
..
..
Www. https://t.co/Ut7IxnwXjp
Jesus First //
Entertainer &amp; Creator //
TLC Wellness Distributor: https://t.co/583SJIwAto
Twitter, YouTube, Snapchat, YouTube, Tik Tok: KourtBriNYC. .. https://t.co/xQI1gXFOrY"
2019-12-22 02:23:12,LOSE WEIGHT GET PAID! ORDER TODAY! https://t.co/hl8LoB6i9Y https://t.co/Ps9sauta4s
2019-12-22 01:33:51,"TEAM THAT CARE ABOUT YOUR HEALTH 
Love when my customers are happy to the point they send me a pic of their product
his stuff right here  another level 
#totallifechanges #mrmarc5 #life #health #body #focused #tlcâ€¦ https://t.co/W2UjZHLaRl"
2019-12-21 21:38:57,https://t.co/Z4V1fm6qWg check out our high quality products and our newly launched CBD line!!
2019-12-21 21:17:21,"Protect your energy!!!
##california #accraghana #ghana #lagos #healthy #tlcpays #totallifechanges #detox #detoxtea #mlm #mlmpays #canada #cbd #cbdtea #cbddetoxtea #networkmarketing #entrepreneur #fitness #hempâ€¦ https://t.co/hBKKGBoOEH"
2019-12-21 19:55:18,Kickstart your New Yearâ€™s Resolution with a 30-day Challenge! - Total Life Changes https://t.co/bNZUrwsNoc
2019-12-21 19:05:38,"ğŸ’¥ğŸ’¥ DAY 10 DEAL...12 DAYS OF CHRISTMAS!!! FLASH SALEğŸ’¥ğŸ’¥

Happening NOW!!! 
Buy CBD Tea Get CBD Tea Free!! 

Order Hereâ¬‡ï¸ 
https://t.co/kaXpQZs2Xb"
2019-12-21 17:49:39,Whose ready to lose weight and pick up some Cash?? Check out link:::  https://t.co/xY3qyGaOZS https://t.co/6jTea6mbPi
2019-12-21 17:40:52,"Girl you better drink that detox tea! ğŸ˜‚ 
#totallifechanges #detoxtea #iasotea #iasoteağŸŒ± #iasoteachallenge #coloncleanse #iasoteahouston #houstoniasotea #houstondetoxtea https://t.co/guYK5zx2Yg"
2019-12-21 14:05:11,The proof is in the results get it here ğŸ‘‰ğŸ¾https://t.co/t3DvGzL3Ku https://t.co/kMD4ppvTt1
2019-12-21 14:02:58,Desire Health. Natural Healing. Get it here https://t.co/t3DvGzL3Ku https://t.co/SZLO0nlFu6
2019-12-21 13:22:29,"We have this challenge starting January! 
Rapid Drop Challenge 
Kit 1: $70 savings 
Kit 2: $45 savings 
Challenge starts January 2020
Itâ€™s a opportunity to lose weight and win $5,000, $2,000 and $1,000 to our customersâ€¼ï¸ Order your Rapid Drop Kit ASAP! 
https://t.co/8qDDjPD56t https://t.co/HfLg3KHzOt"
2019-12-21 13:00:27,lose 5lbs in 5days ask me how TLC-TOTAL LIFE CHANGES https://t.co/FbFhL1j7TS
2019-12-21 06:57:30,RT @vovomfebe: To join or learn more about TLC &amp; iaso detox tea â¡ï¸ â¡ï¸https://t.co/QauBBQLVTT â¬…ï¸â¬…ï¸ #extraincome #ownboss #detoxtea #tea #heaâ€¦
2019-12-21 06:30:22,"@SoulSintu Detox tea, you can learn more on https://t.co/QauBBQLVTT"
2019-12-21 06:20:30,To join or learn more about TLC &amp; iaso detox tea â¡ï¸ â¡ï¸https://t.co/QauBBQLVTT â¬…ï¸â¬…ï¸ #extraincome #ownboss #detoxtea #tea #healthylifestyle #SaturdayMorning https://t.co/zRoOwQl84x
2019-12-21 04:45:31,"Lemonade Flavored FULL SPECTRUM HEMP Detox Tea! Who KNEW the EVOLUTION of Detoxing is HEMP/CBD? TLC did!! Lose Weight AND Feel GREAT!!

https://t.co/26NB5ZWCqO

#california #accraghana #ghana #lagos #healthy #tlcpaysâ€¦ https://t.co/cHPrfYfPhU"
2019-12-21 04:25:01,"RT @ambeverly: REMOVE fats parasites toxic mucus OUT of there body &amp; so much moreâ¤ Am happy to say  NOW forever ğŸŒ

https://t.co/oJsjxCXE9Lâ€¦"
2019-12-21 03:51:06,"The reason I have SO MUCH RESPECT for Total Life Changes is because REAL PEOPLE get REAL RESULTS!
You can be NEXT!

https://t.co/26NB5ZWCqO

#california #accraghana #ghana #lagos #healthy #tlcpays #totallifechangesâ€¦ https://t.co/sYjQNBV3wk"
2019-12-21 03:32:20,"Donâ€™t give up...

https://t.co/26NB5ZWCqO

#california #accraghana #ghana #lagos #healthy #tlcpays #totallifechanges #detox #detoxtea #mlm #mlmpays #canada #cbd #cbdtea #cbddetoxtea #networkmarketing #entrepreneurâ€¦ https://t.co/PGYJZd1eAJ"
2019-12-21 03:17:43,"Love when I get a box mmmmmmm
TEAM CARE ABOUT YOUR HEALTH 
Love when my customers are happy to the point they send me a pic of their product
his stuff right here  another level 
#totallifechanges #mrmarc5 #lifeâ€¦ https://t.co/lGRyEET3Fi"
2019-12-21 02:00:04,"Looking for a way to have a healthy New Year? Read this article and purchase one of our Rapid Drop Challenge Kits today. ğŸ’ª ğŸ’š 
Click here to read: https://t.co/dMaD1NQm5f"
2019-12-21 01:01:40,"Wanna a chance to Win 5,000 dollars? Order either kit one or kit two at my website https://t.co/GImv4Wn5RW https://t.co/w0wal7NtdQ"
2019-12-21 01:01:09,"Whoâ€™s Ready to achieve your New Yearâ€™s #Weightloss goals?! The deal and challenge of a lifetime! Get FREE product! 

Purchase one of these kits Now Until supplies last through 12/27 &amp; join the $10k giveaway!  Go here ğŸ‘‰ğŸ‘‰ğŸ‘‰https://t.co/3MRrFCnF3ZğŸ‘ˆğŸ‘ˆğŸ‘ˆ to order your kit! Details https://t.co/IdMngI9FFR"
2019-12-21 00:50:52,"Did you know that bloating, cramping, and gas is cause by foods we canâ€™t digest? My products will help remove those toxins found in food and Will help with losing inches around your midsection!  https://t.co/8jOwHA2jWp https://t.co/EPGTSkgSnc"
2019-12-20 20:09:23,Become a partner with W. O. LittleSr Global Investments https://t.co/0YH6dr6kJl
2019-12-20 19:25:08,"Get in on this sale now. It will help you tremendously !!!!! #TLC #DetoxTea #BillionaireDrummer

https://t.co/c5RmfBskcV https://t.co/afES39KDdT"
2019-12-20 19:15:34,Start a New Year Resolution Early Weight Loss https://t.co/xJaIiBBHNc https://t.co/EOtwXSgazI
2019-12-20 14:00:50,"@totallifechanges_iasotea and sparkskeona 
Party with @Mrmarc51 
#mrmarc5 #life #music #internetradio #host #teamsadior @ Fifth Street Lounge https://t.co/Ym4SrgBpIF"
2019-12-20 13:01:11,lose 5lbs in 5days ask me how TLC-TOTAL LIFE CHANGES https://t.co/FbFhL1j7TS
2019-12-20 11:50:19,https://t.co/qE6E7LAnBR Rapid Kit 1 and 2 https://t.co/NnVpgGGifC
2019-12-20 07:20:05,Lose weight and get your bands up 2020 ok???? Get ur CBD Tea and Nutraburst TODAYğŸ¤‘ #weightlosschallenge https://t.co/uDiqH5cUy8 https://t.co/buN7mSMdNk
2019-12-20 07:11:02,"Rapid Drop Challenge...are you in?
https://t.co/zN1gryih86

#totallifechanges
#rapiddropchallenge
#weightloss https://t.co/zS3twPUso9"
2019-12-20 04:04:14,"Start the new decade differently! Get paid for that Resolution! I will coach you through this!
~
Order on websiteğŸ‘‡ğŸ¾ Or in Bio â˜ğŸ¾:
https://t.co/7231oAqTyU https://t.co/yckK4q9ICZ"
2019-12-20 02:28:44,"Win $5000
Win $2000
Win $1000(3x) 
Just for losing weight! Whoâ€™s In?
Join me... Order your products from my site
https://t.co/qDrm9DCBAX"
2019-12-20 00:58:45,"Act fast!!!!! 

$5000, $2000, $1000 up for grab ğŸ’°ğŸ’°ğŸ’°
https://t.co/v2VXGOcsOO https://t.co/9gsGH6fDJ0"
2019-12-20 00:56:40,"Please watch!!
Moral of the story is take care of your gut. 
Our staple product is Iaso Detox Original tea and CBD Detox tea need to be in your regiment. 
Click the link to order 

https://t.co/WSWSwa3UdY https://t.co/A1LgFkdyeW"
2019-12-19 23:01:26,"I will be in Kinston VERY BRIEFLY on Saturday morning! 
If you want products, you âš MUSTâš  Cashapp or Paypal by no later than 9PM TONIGHTâ€¼â€¼â€¼
I will not be doing spare of the moment drop offs! I'm out by 10AM! NO turn arounds!... https://t.co/7231oAIuXu"
2019-12-19 22:57:12,Posted withrepost â€¢ @tlc4ever #totallifechanges https://t.co/GxGKDKsA3S
2019-12-19 18:27:07,Listen. You got a chance to win 5k and 2k with this challenge. Jump on it with me. Here's the instruction. Get your products from my website https://t.co/qDrm9DCBAX
2019-12-19 16:56:52,"Yooo!!! This company keeps giving deals. 
Rapid Drop Kits drop midnight tonight. 
This deal is amazing and you can enter to $5000 by sharing your results!!!
Who is in?  Go to https://t.co/83SslqXwfm starting midnight... https://t.co/WgwsBBAOtW"
2019-12-19 16:25:55,"ToDay is the last day to purchase the Winter Wellness Set!
It has GREAT VALUE for the price, $154.95 https://t.co/xY3qyGaOZS https://t.co/PLwMEZrjzv"
2019-12-19 16:21:10,"Win up to $5,000 for losing weight watch this and contact me immediately! https://t.co/kbNPp2U0mZ"
2019-12-19 13:00:27,lose 5lbs in 5days ask me how TLC-TOTAL LIFE CHANGES https://t.co/FbFhL1j7TS
2019-12-19 09:49:46,"IOSA EMU , INFINITY OIL from Total Life Changes. Order from https://t.co/uFCVnbaolB https://t.co/GAgaM50YJE"
2019-12-19 07:41:06,"https://t.co/H3MtddhUDL - Total Life Changes, LLC https://t.co/NAw09qq75G"
2019-12-19 06:47:47,"https://t.co/cUOL3uwnhZ
#nutraburst 
#lasotea 
#nrg
#tlchq 
Get healthy and make money doing it! Visit my site or dm to ask me how https://t.co/BmefNcq01f"
2019-12-19 04:10:11,@queennaija This tea the bomb https://t.co/hpgLIeKeRq https://t.co/ObC9YwlouD
2019-12-19 04:08:47,"@queennaija Use this tea i promiseeee u you will be like WOW this all i use and baby listen you a be together on ever level ... 
https://t.co/hpgLIeKeRq https://t.co/gIhUDV3Qfz"
2019-12-19 03:51:05,@Airfizzo Come and get sum of this CBD money business partner click the link https://t.co/0fNkdkcQtY
2019-12-19 03:48:31,"IASO TEA KNOWING AS THE SKINNY TEA AND NUTRBURST 
CLICK THE LINK BELOW 
https://t.co/0fNkdkcQtY https://t.co/OuyGybyfoD"
2019-12-19 03:31:26,"Come on guys let's get it together people click the link 
https://t.co/0fNkdkcQtY https://t.co/JMh96F2J7z"
2019-12-19 02:06:42,TLC is spreading the love in DecemberğŸ’•â„ğŸ… - https://t.co/2LuvSXJDuA
2019-12-19 00:45:32,"Hemp + Lemon Flavored Detox Tea? OUTSTANDING!!
Lose Weight + FEEL GREAT!!!

https://t.co/26NB5ZWCqO

#california #accraghana #ghana #lagos #healthy #tlcpays #totallifechanges #detox #detoxtea #mlm #mlmpays #canada #cbdâ€¦ https://t.co/DwE8vnU5bF"
2019-12-18 23:55:03,"@MeekMill Yall stop playin and get HEALTHY 2020,forreal
https://t.co/tmMZSmATFt...
Sea moss and CBD, level up n elevate
ğŸ’ªğŸ¾âœŠğŸ½ğŸ‘‘ğŸğŸ’¯"
2019-12-18 23:48:04,https://t.co/cyNTSjd1hk IBO#370-1131 go to shop. #loseweightnow #losetwentybytwenty #weightlossjourneycontinues #weightlossjourney #jointhemovement #joinme https://t.co/s9YsjWnLSp
2019-12-18 22:59:26,"Everybody Calm Down!! 
Get you some Harmony drops &amp; relax... #InHarmony 
https://t.co/JOaW6tFZEx

Video: nikki_daladyboss https://t.co/Kci0VZELGy"
2019-12-18 22:45:27,Check out my site for awesome products!! â¡ï¸ https://t.co/nQp8DFLsHb â¤ï¸ https://t.co/7BwXR9ajpG
2019-12-18 19:12:42,"Hi , This liquid multivitamin is designed to detox your system. Our multi-blend formula in our NutraBurst includes nineteen amino acids.  Try a Trial Size Buy Now â¡ï¸https://t.co/Hq2v8WT0Nb

#freeshipping #WednesdayThoughts https://t.co/w9AHMMNeem"
2019-12-18 17:06:31,#TrumpImpeachment #Neverbeenmypresident  #NaturalLiving #CleanHealth #CBDTea #TotalLifeChanges #BodyCleanse #HealthyLiving #NaturalHealth #EnergyBooster #Start2020OffRight #BYE2019 #NoMoreBadHabits #MyHealthMatters #LoveMyBody #ProtectandMaintain Follow Me!
2019-12-18 16:42:49,"Music and Health  my therapy
TEAM CARE ABOUT YOUR HEALTH 
Love when my customers are happy to the point they send me a pic of their product
his stuff right here  another level 
#totallifechanges #mrmarc5 #lifeâ€¦ https://t.co/SAhTXUcUUB"
2019-12-18 15:53:59,Desire Health. Thankful for this opportunity. Residual Income. Join me hereğŸ‘‰ğŸ¾ https://t.co/MIhIOnDyfr https://t.co/kEOjIjUljA
2019-12-18 15:36:52,Desire Health. Natural Healing. Get it hereğŸ‘‰ğŸ¾ https://t.co/t3DvGzL3Ku https://t.co/WvzDtk4lyO
2019-12-18 15:33:27,"Desire Health. Iâ€™m Starting Today. 5lbs in 5 days. Come on yâ€™all, Start hereğŸ‘‰ğŸ¾ https://t.co/t3DvGA2EC2 https://t.co/7T7qOqfDTN"
2019-12-18 15:20:21,"Cleanse the White House and Cleanse the Body... ğŸ‘‰ğŸ½Link in my BIOğŸ‘ˆğŸ½

 #NaturalLiving #CleanHealth #CBDTea #TotalLifeChanges #BodyCleanse #HealthyLiving #NaturalHealth #EnergyBooster #Start2020OffRight #BYE2019 #NoMoreBadHabits #LoveMyBody #ProtectandMaintain #GetFitforLife https://t.co/R6tvnoy4ru"
2019-12-18 15:08:30,"Good Morning!The Best Part of Waking Up, is truly being able to feel refreshed the Next Morning... Better Health, Better Sleep, Better Days! Wake up with a Shot of #NutraBurst #NaturalLiving #CleanHealth #CBDTea #TotalLifeChanges #BodyCleanse #HealthyLiving #NaturalHealth #Energy https://t.co/AQv3sloYX3"
2019-12-18 14:44:27,"RT @PrettyBoujee_: Today is the Day, You Wake Up and WINâ€¼ï¸â€¼ï¸ The holidays are almost over and itâ€™s time to SHAPE UP Your New Year ğŸ¤¸ğŸ½â€â™€ï¸â€¦"
2019-12-18 13:00:36,lose 5lbs in 5days ask me how TLC-TOTAL LIFE CHANGES https://t.co/FbFhL1j7TS
2019-12-18 11:04:06,"TEAM CARE ABOUT YOUR HEALTH 
Love when my customers are happy to the point they send me a pic of their product
his stuff right here  another level 
#totallifechanges #mrmarc5 #life #health #body #focused #tlcâ€¦ https://t.co/N3tXXBvd4o"
2019-12-18 05:28:46,RT @DesireHealth1: Life Changer Kit. Get yours Today.ğŸ‘‰ğŸ¾https://t.co/MIhIOnV96Z https://t.co/hF33vdOVYk
2019-12-18 05:28:31,RT @DesireHealth1: Residual Income. Managed from your phone. Start here https://t.co/MIhIOnDyfr https://t.co/oMHuSOyBxy
2019-12-18 03:10:50,Residual Income. Managed from your phone. Start here https://t.co/MIhIOnDyfr https://t.co/oMHuSOyBxy
2019-12-18 02:11:52,Life Changer Kit. Get yours Today.ğŸ‘‰ğŸ¾https://t.co/MIhIOnV96Z https://t.co/hF33vdOVYk
2019-12-18 01:02:51,"@darkestseoul I have the perfect product to help you, CBD Detox Tea! It helps get rid of all the toxins we carry daily! https://t.co/0nZw9Ffz4h Here are some results https://t.co/JJzgKAT2Vb"
2019-12-18 01:02:04,"@laurestry I have the perfect product to help you with the weight loss, CBD Detox Tea! It helps get rid of the toxins we carry daily. With this product and a 30min walk daily, those inches will shed before your eyes. https://t.co/0nZw9EXYcJ
Here are some results https://t.co/2Xjw3WZD7X"
2019-12-18 01:00:07,"Do you want to join us on stage?  You can now submit your story for a chance to inspire others! ğŸ¤© 
Enter here:
https://t.co/JYuVzy5rxX https://t.co/ErY0FQmaCM"
2019-12-18 00:06:57,"Itâ€™s time for CBD! Join My Team &amp; Be the next 6-7 figure earner! Click the link ğŸ‘‡ğŸ½to get started:

https://t.co/kS7Y2oubnZ https://t.co/2YExMMfaAz"
2019-12-17 22:51:11,"https://t.co/6uwKCVrHng
Advocating the Body You want woth the Health you DeserveğŸ˜ƒ https://t.co/l4ZMxXv7mf"
2019-12-17 22:47:47,Desire Health. Natural Healing hereğŸ‘‰ğŸ¾ https://t.co/t3DvGzL3Ku.     #desirehealth https://t.co/bHBDpsNMcS
2019-12-17 22:46:09,Desire Health. The proof is in the results. Find it here ğŸ‘‰ğŸ¾https://t.co/t3DvGzL3Ku https://t.co/36V4cNLDCa
2019-12-17 22:29:47,The proof is in the results. Perioddtt.Find it here https://t.co/t3DvGzL3Ku https://t.co/7HETwxT5bR
2019-12-17 22:27:30,Desire Health. Natural Healing. Get it here https://t.co/t3DvGzL3Ku https://t.co/UJ5fXV8SR4
2019-12-17 22:24:32,"Residual Income. Managed from your phone. Join the Team here 
https://t.co/MIhIOnDyfr https://t.co/DXf2j8CeFk"
2019-12-17 22:22:11,Desire Health. Start Today! https://t.co/t3DvGzL3Ku https://t.co/rA5742DESw
2019-12-17 21:51:17,Get it here https://t.co/t3DvGzL3Ku #Natural Healing. #desirehealth
2019-12-17 20:59:58,Desire Health. Start your Journey Today. Get it hereğŸ‘‰ğŸ¾ https://t.co/t3DvGzL3Ku https://t.co/xT7tcTv6MJ
2019-12-17 20:31:08,"TEAM CARE ABOUT YOUR HEALTH 
Love when my customers are happy to the point they send me a pic of their product
his stuff right here  another level 
#totallifechanges #mrmarc5 #life #health #body #focused #tlcâ€¦ https://t.co/ctyVUVkGnH"
2019-12-17 17:58:01,"Where is the lie???
ğŸ¤“ naruto
â¤ï¸ anime.memepage
ğŸ® memes
ğŸ––ğŸ¼ dankmemesgang
#naruto #anime #animevillains #thevillainlife #totallifechanges #memesfordays #nerd #geek #gamer #dork #meme #instagood #photooftheday #techieâ€¦ https://t.co/Nm3mTeCZpA"
2019-12-17 13:01:48,lose 5lbs in 5days ask me how TLC-TOTAL LIFE CHANGES https://t.co/FbFhL1j7TS
2019-12-17 08:40:45,"RT @palsprincs: We DIE from Lack of KNOWLEDGE...

#california #accraghana #ghana #lagos #healthy #tlcpays #totallifechanges #detox #detoxtea #mlm #mlmpays #canada #cbd #cbdtea #cbddetoxtea #networkmarketing #entrepreneur #fitnessâ€¦ https://t.co/5zt7krEVSw"
2019-12-17 08:40:43,"RT @palsprincs: TRANSFORMATION TUESDAY!
This is what AGING BACKWARDS looks like!! https://t.co/7sD3DfuCZh

#california #accraghana #ghana #lagos #healthy #tlcpays #totallifechanges #detox #detoxtea #mlm #mlmpays #canada #cbd #cbdteaâ€¦ https://t.co/jRTX6mqkID"
2019-12-17 08:39:19,"We DIE from Lack of KNOWLEDGE...

#california #accraghana #ghana #lagos #healthy #tlcpays #totallifechanges #detox #detoxtea #mlm #mlmpays #canada #cbd #cbdtea #cbddetoxtea #networkmarketing #entrepreneur #fitnessâ€¦ https://t.co/2rTSP2PUXo"
2019-12-17 08:37:35,"TRANSFORMATION TUESDAY!
This is what AGING BACKWARDS looks like!! https://t.co/26NB5ZF12e

#california #accraghana #ghana #lagos #healthy #tlcpays #totallifechanges #detox #detoxtea #mlm #mlmpays #canada #cbd #cbdteaâ€¦ https://t.co/18WxS0AXlf"
2019-12-17 08:01:40,"I need 5 people now thatâ€™s looking to get on the healthy side and/or looking to lose some weight to try out our detox tea !!! #IasoTea #DetoxTea #TLC #BillionaireDrummer 

https://t.co/c5RmfBskcV"
2019-12-17 03:39:50,"Taste good feel so good
Feel the results see the results 
#totallifechanges #mrmarc5 #life #health #body #focused #tlc #iasotea #delgada #nutraburst #healthylifestyle #cbd #allen5 #cbdteaâ€¦ https://t.co/oAIuzXCBx7"
