2019-12-24 12:23:07,"My 600 lb Life - PIANO TUTORIAL

Full video: https://t.co/tvf2BlaRZ6

Subscribe:  https://t.co/tAGvr8sc7J

#tlc #my600lblife #dayfiance #days #rileypaige #hazelgrace #love #itsabuzzworld #rileypaigebusby #avalane #oliviamarie #parkerkate #totallifechanges #busbyquints https://t.co/Qww6Im0kSh"
2019-12-23 02:50:18,"NRG ASK ME ABOUT IT ALL NATURAL 
#totallifechanges #mrmarc5 #life #health #body #focused #tlc #iasotea #delgada #nutraburst #healthylifestyle #cbd #allen5 #cbdtea #alleviate
totallifechangesAllen5 #cbdtearesults‚Ä¶ https://t.co/HkKKpMg9zV"
2019-12-23 00:21:49,#iMeanLhyk wknd deliveries ‚úî #TotalLifeChanger #TotalLifeChanges #TLCHQ #IasoTea #CBD #CBDTea #NRG #NutraBURST #5lbsIn5Days https://t.co/lq1OHOZfC2
2019-12-22 20:27:58,"I‚Äôve been placing my harmony drops on my face, and it‚Äôs fading away! Link in bio! #cbdoil #cbd #cbdindustry #totallifechanges #clearskin #darkspots #acne https://t.co/ZH2pSNNL1l"
2019-12-22 17:17:20,"The world would be a better place if more people stepped outside of their comfort zone.
Just think about it ü§îüí≠‚ù§Ô∏èüí∞‚úàÔ∏èüîëüåç #totallifechanges https://t.co/Sk7vLPWgVs"
2019-12-22 13:56:50,"When You Have A Team That Have Fun While Making Life Changes
This stuff right here  another level 
#totallifechanges #mrmarc5 #life #health #body #focused #tlc #iasotea #delgada #nutraburst #healthylifestyle #cbd‚Ä¶ https://t.co/oqxSQpxY0U"
2019-12-22 01:33:51,"TEAM THAT CARE ABOUT YOUR HEALTH 
Love when my customers are happy to the point they send me a pic of their product
his stuff right here  another level 
#totallifechanges #mrmarc5 #life #health #body #focused #tlc‚Ä¶ https://t.co/W2UjZHLaRl"
2019-12-21 21:17:21,"Protect your energy!!!
##california #accraghana #ghana #lagos #healthy #tlcpays #totallifechanges #detox #detoxtea #mlm #mlmpays #canada #cbd #cbdtea #cbddetoxtea #networkmarketing #entrepreneur #fitness #hemp‚Ä¶ https://t.co/hBKKGBoOEH"
2019-12-21 17:40:52,"Girl you better drink that detox tea! üòÇ 
#totallifechanges #detoxtea #iasotea #iasoteaüå± #iasoteachallenge #coloncleanse #iasoteahouston #houstoniasotea #houstondetoxtea https://t.co/guYK5zx2Yg"
2019-12-21 04:25:01,"RT @ambeverly: REMOVE fats parasites toxic mucus OUT of there body &amp; so much more‚ù§ Am happy to say  NOW forever üåç

https://t.co/oJsjxCXE9L‚Ä¶"
2019-12-21 03:51:06,"The reason I have SO MUCH RESPECT for Total Life Changes is because REAL PEOPLE get REAL RESULTS!
You can be NEXT!

https://t.co/26NB5ZWCqO

#california #accraghana #ghana #lagos #healthy #tlcpays #totallifechanges‚Ä¶ https://t.co/sYjQNBV3wk"
2019-12-21 03:32:20,"Don‚Äôt give up...

https://t.co/26NB5ZWCqO

#california #accraghana #ghana #lagos #healthy #tlcpays #totallifechanges #detox #detoxtea #mlm #mlmpays #canada #cbd #cbdtea #cbddetoxtea #networkmarketing #entrepreneur‚Ä¶ https://t.co/PGYJZd1eAJ"
2019-12-21 03:17:43,"Love when I get a box mmmmmmm
TEAM CARE ABOUT YOUR HEALTH 
Love when my customers are happy to the point they send me a pic of their product
his stuff right here  another level 
#totallifechanges #mrmarc5 #life‚Ä¶ https://t.co/lGRyEET3Fi"
2019-12-20 07:11:02,"Rapid Drop Challenge...are you in?
https://t.co/zN1gryih86

#totallifechanges
#rapiddropchallenge
#weightloss https://t.co/zS3twPUso9"
2019-12-19 22:57:12,Posted withrepost ‚Ä¢ @tlc4ever #totallifechanges https://t.co/GxGKDKsA3S
2019-12-19 00:45:32,"Hemp + Lemon Flavored Detox Tea? OUTSTANDING!!
Lose Weight + FEEL GREAT!!!

https://t.co/26NB5ZWCqO

#california #accraghana #ghana #lagos #healthy #tlcpays #totallifechanges #detox #detoxtea #mlm #mlmpays #canada #cbd‚Ä¶ https://t.co/DwE8vnU5bF"
2019-12-18 17:06:31,#TrumpImpeachment #Neverbeenmypresident  #NaturalLiving #CleanHealth #CBDTea #TotalLifeChanges #BodyCleanse #HealthyLiving #NaturalHealth #EnergyBooster #Start2020OffRight #BYE2019 #NoMoreBadHabits #MyHealthMatters #LoveMyBody #ProtectandMaintain Follow Me!
2019-12-18 16:42:49,"Music and Health  my therapy
TEAM CARE ABOUT YOUR HEALTH 
Love when my customers are happy to the point they send me a pic of their product
his stuff right here  another level 
#totallifechanges #mrmarc5 #life‚Ä¶ https://t.co/SAhTXUcUUB"
2019-12-18 15:20:21,"Cleanse the White House and Cleanse the Body... üëâüèΩLink in my BIOüëàüèΩ

 #NaturalLiving #CleanHealth #CBDTea #TotalLifeChanges #BodyCleanse #HealthyLiving #NaturalHealth #EnergyBooster #Start2020OffRight #BYE2019 #NoMoreBadHabits #LoveMyBody #ProtectandMaintain #GetFitforLife https://t.co/R6tvnoy4ru"
2019-12-18 15:08:30,"Good Morning!The Best Part of Waking Up, is truly being able to feel refreshed the Next Morning... Better Health, Better Sleep, Better Days! Wake up with a Shot of #NutraBurst #NaturalLiving #CleanHealth #CBDTea #TotalLifeChanges #BodyCleanse #HealthyLiving #NaturalHealth #Energy https://t.co/AQv3sloYX3"
2019-12-18 11:04:06,"TEAM CARE ABOUT YOUR HEALTH 
Love when my customers are happy to the point they send me a pic of their product
his stuff right here  another level 
#totallifechanges #mrmarc5 #life #health #body #focused #tlc‚Ä¶ https://t.co/N3tXXBvd4o"
2019-12-17 20:31:08,"TEAM CARE ABOUT YOUR HEALTH 
Love when my customers are happy to the point they send me a pic of their product
his stuff right here  another level 
#totallifechanges #mrmarc5 #life #health #body #focused #tlc‚Ä¶ https://t.co/ctyVUVkGnH"
2019-12-17 17:58:01,"Where is the lie???
ü§ì naruto
‚ù§Ô∏è anime.memepage
üéÆ memes
üññüèº dankmemesgang
#naruto #anime #animevillains #thevillainlife #totallifechanges #memesfordays #nerd #geek #gamer #dork #meme #instagood #photooftheday #techie‚Ä¶ https://t.co/Nm3mTeCZpA"
2019-12-17 08:40:45,"RT @palsprincs: We DIE from Lack of KNOWLEDGE...

#california #accraghana #ghana #lagos #healthy #tlcpays #totallifechanges #detox #detoxtea #mlm #mlmpays #canada #cbd #cbdtea #cbddetoxtea #networkmarketing #entrepreneur #fitness‚Ä¶ https://t.co/5zt7krEVSw"
2019-12-17 08:40:43,"RT @palsprincs: TRANSFORMATION TUESDAY!
This is what AGING BACKWARDS looks like!! https://t.co/7sD3DfuCZh

#california #accraghana #ghana #lagos #healthy #tlcpays #totallifechanges #detox #detoxtea #mlm #mlmpays #canada #cbd #cbdtea‚Ä¶ https://t.co/jRTX6mqkID"
2019-12-17 08:39:19,"We DIE from Lack of KNOWLEDGE...

#california #accraghana #ghana #lagos #healthy #tlcpays #totallifechanges #detox #detoxtea #mlm #mlmpays #canada #cbd #cbdtea #cbddetoxtea #networkmarketing #entrepreneur #fitness‚Ä¶ https://t.co/2rTSP2PUXo"
2019-12-17 08:37:35,"TRANSFORMATION TUESDAY!
This is what AGING BACKWARDS looks like!! https://t.co/26NB5ZF12e

#california #accraghana #ghana #lagos #healthy #tlcpays #totallifechanges #detox #detoxtea #mlm #mlmpays #canada #cbd #cbdtea‚Ä¶ https://t.co/18WxS0AXlf"
2019-12-17 03:39:50,"Taste good feel so good
Feel the results see the results 
#totallifechanges #mrmarc5 #life #health #body #focused #tlc #iasotea #delgada #nutraburst #healthylifestyle #cbd #allen5 #cbdtea‚Ä¶ https://t.co/oAIuzXCBx7"
