2019-12-24 12:54:00,"SOUNDS GOOD TO ME â—ï¸WHO GETTING IN WITH MEâ‰ï¸ 
.
.
#2020 âœ”ï¸
#healthylifestyle âœ”ï¸
#money âœ”ï¸
#accountability âœ”ï¸
#loseweightfeelgreat âœ”ï¸
#lookamazing âœ”ï¸#tlchq https://t.co/PW792Dtbgs"
2019-12-23 09:49:57,"I don't know who need to hear this, but dont give up at the end of the tunnel the vision will be clear. #HappyHolidays #HappyKwanzaa #HappyHanukkah #HappyMonday #MondayMorning #MondayVibes #tlchq #cbdtea https://t.co/iLN3KXC9hq"
2019-12-23 04:25:00,"YES! ğŸ™ŒğŸ¾ 
 I Can do ALL things thru Christ! TLC thru God, will Change my life and transform it past what I could ever imagine!
 I Believe! ğŸ™ğŸ¾ğŸ˜Œ 
You should believe too! ğŸ’â˜•
~
#SecondChance21013 #Tlchq #FREEDOM âœˆğŸŒ @ Newâ€¦ https://t.co/YdJX7sjX6v"
2019-12-23 02:40:45,"Over 90 lbs down in 12 months! With Consistency! Persistency and Dedication! Full Out Intentions on changing your health!!!! YOU CAN DO IT TOO!
~
#GetFitWithJen #AskMeHow #SecondChance21013 #tlchq @ Jacksonville,â€¦ https://t.co/uRXGaHLP86"
2019-12-23 00:21:49,#iMeanLhyk wknd deliveries âœ” #TotalLifeChanger #TotalLifeChanges #TLCHQ #IasoTea #CBD #CBDTea #NRG #NutraBURST #5lbsIn5Days https://t.co/lq1OHOZfC2
2019-12-22 09:39:49,@TLCHQ I am ready! My kit us on the way!
2019-12-21 21:05:34,"These are the products that changed MY LIFE and today @tlchq is having ağŸš¨SPECIAL DEALğŸš¨ yâ€™all know how these deals go and this what you need to start your new year off right ğŸ˜
.
.
Get it before it sells out. Click theâ€¦ https://t.co/DTA03jp1a9"
2019-12-21 07:01:01,"#Repost @tlchq with @make_repost

We are challenging you to commit, submit, and win! #RapidDropChallenge #TLCHQ
Who wants to get paid to lose some weight!?!?! A chance to win $1,000-$5,000 for losing the top percentage of weight lost.

It does cost so dnt hit me if you're not fr"
2019-12-21 04:10:11,"4 years ago I was in this same hotel suite when i launched my 7 figure @tlchq business. 
.
.
Tomorrow I will train others along side of the most incredible leader I have had the pleasure to partner and learn from Msâ€¦ https://t.co/0BER5I8ms3"
2019-12-21 03:49:53,"Hey yâ€™all... I just knew I had to get it done. #PeriodT !!!   New people get New results, that gives New Testimonies... All of that leads into #NewBeginnings !!! ğŸ‰ğŸŠğŸ¥³ #Impact20k #tlchq #G5
.
.
.
 #WomenInBusinessâ€¦ https://t.co/jL2hkHDiaD"
2019-12-21 03:28:41,"Welcome to the @tlchq family 
#teamresilient #mrmarc5 #life #health #body #focused #tlc #iasotea #delgada #nutraburst #healthylifestyle #cbd #allen5 #cbdtea #alleviate #wecare #2020 @ Philadelphia, Pennsylvania https://t.co/dlT9eb7bsW"
2019-12-21 02:00:04,"Looking for a way to have a healthy New Year? Read this article and purchase one of our Rapid Drop Challenge Kits today. ğŸ’ª ğŸ’š 
Click here to read: https://t.co/dMaD1NQm5f"
2019-12-21 00:36:40,"Have you heard about The Rapid drop challenge?? You can win $5,000 get your kit by 12/27 to enter!! #1000familes #challange #tlchq #FridayMotivation #FridayVibes #Friday https://t.co/0jk3oBoKOR"
2019-12-20 20:58:08,"@TLCHQ Just purchased my kit, let's go!ğŸ˜ƒ"
2019-12-20 12:14:32,Ask me about cash prizes to lose weight 5k&amp; 2k https://t.co/nlWLXVFrGG
2019-12-20 06:03:42,@TLCHQ I donâ€™t see it on the site.
2019-12-20 02:00:06,Rapid Drop KIT I and KIT II will be available tonight at MIDNIGHT! ğŸ˜ https://t.co/MqqI11lOkM
2019-12-19 19:29:21,Today is your last chance to purchase the Winter Wellness Gift Set. Get yours today! ğŸ˜ https://t.co/xlxV8js3kZ
2019-12-19 12:29:18,"Deliveries with the crew..

#WaistTrainer 
#IasoTea
#TLCFamily
#TLCFundi
#tlchq â€” in Boksburg https://t.co/LQFR7uGWU2"
2019-12-19 06:47:47,"https://t.co/cUOL3uwnhZ
#nutraburst 
#lasotea 
#nrg
#tlchq 
Get healthy and make money doing it! Visit my site or dm to ask me how https://t.co/BmefNcq01f"
2019-12-19 02:06:42,TLC is spreading the love in DecemberğŸ’•â„ğŸ… - https://t.co/2LuvSXJDuA
2019-12-18 20:24:08,Last Day for Winter Wellness Gift Set The Perfect Gift for Your New Years Resolution #giftideas #giftsforher #sisdonnice #tlchq https://t.co/8stWp2PU6Q
2019-12-18 17:52:11,RT @TLCHQ: We will re-open at 7 PM EST ğŸ¤© https://t.co/dy7ZQM73gU
2019-12-18 16:12:24,We will re-open at 7 PM EST ğŸ¤© https://t.co/dy7ZQM73gU
2019-12-18 03:57:21,"Lashann Broaden over there in Cali Beasting! Beautiful Beast fits her perfectly! Her drive is ğŸ”¥ğŸ”¥ğŸ”¥ğŸ”¥ğŸ”¥! Congrats!!! ğŸ‰ğŸ‰ğŸ‰

#tlchq #Binary #G5Qualified â€” in Oceanside, CA https://t.co/ejujT1nReT"
2019-12-18 01:00:07,"Do you want to join us on stage?  You can now submit your story for a chance to inspire others! ğŸ¤© 
Enter here:
https://t.co/JYuVzy5rxX https://t.co/ErY0FQmaCM"
2019-12-17 21:22:01,@TLCHQ hello moove
2019-12-17 21:21:10,RT @TLCHQ: Have you all seen the newly rebranded HSN? ğŸ˜ #TLCHQ https://t.co/rhodEzPqZj
2019-12-17 10:00:02,Tired of struggling and barely getting by so Iâ€™m taking matters into my own hands @tlchq https://t.co/U9fW5l2CH0
2019-12-17 03:50:28,Wake up &amp; have a great attitude before walking out your door. #MondayMotivation #mondaythoughts #CBD #cbdtea #tlchq #health #nutraburst #Monday https://t.co/KuzBHT2rnE
